{"backend": "tensorflow", "keras_version": "2.2.5", "class_name": "Model", "config": {"layers": [{"inbound_nodes": [], "name": "c1206_image_blockid_502", "class_name": "InputLayer", "config": {"sparse": false, "name": "c1206_image_blockid_502", "dtype": "float32", "batch_input_shape": [null, 256, 256, 3]}}, {"inbound_nodes": [[["c1206_image_blockid_502", 0, 0, {}]]], "name": "zeropadding2d_act_blockid_202", "class_name": "ZeroPadding2D", "config": {"trainable": true, "data_format": "channels_last", "name": "zeropadding2d_act_blockid_202", "dtype": "float32", "padding": [[3, 3], [3, 3]]}}, {"inbound_nodes": [[["zeropadding2d_act_blockid_202", 0, 0, {}]]], "name": "conv2d_act_blockid_203", "class_name": "Conv2D", "config": {"bias_regularizer": null, "kernel_size": [7, 7], "trainable": true, "bias_constraint": null, "strides": [2, 2], "data_format": "channels_last", "dilation_rate": [1, 1], "dtype": "float32", "filters": 64, "name": "conv2d_act_blockid_203", "activity_regularizer": null, "kernel_constraint": null, "activation": "linear", "kernel_initializer": {"class_name": "VarianceScaling", "config": {"seed": null, "scale": 1.0, "mode": "fan_avg", "distribution": "uniform"}}, "kernel_regularizer": null, "bias_initializer": {"class_name": "Zeros", "config": {}}, "padding": "valid", "use_bias": true}}, {"inbound_nodes": [[["conv2d_act_blockid_203", 0, 0, {}]]], "name": "zeropadding2d_act_blockid_204", "class_name": "ZeroPadding2D", "config": {"trainable": true, "data_format": "channels_last", "name": "zeropadding2d_act_blockid_204", "dtype": "float32", "padding": [[1, 1], [1, 1]]}}, {"inbound_nodes": [[["zeropadding2d_act_blockid_204", 0, 0, {}]]], "name": "maxpooling2d_act_blockid_205", "class_name": "MaxPooling2D", "config": {"pool_size": [3, 3], "trainable": true, "name": "maxpooling2d_act_blockid_205", "strides": [2, 2], "data_format": "channels_last", "dtype": "float32", "padding": "valid"}}, {"inbound_nodes": [[["maxpooling2d_act_blockid_205", 0, 0, {}]]], "name": "batchnormalization_act_blockid_206", "class_name": "BatchNormalization", "config": {"epsilon": 1.001e-05, "beta_constraint": null, "momentum": 0.99, "trainable": true, "gamma_regularizer": null, "axis": 3, "moving_variance_initializer": {"class_name": "Ones", "config": {}}, "center": true, "gamma_initializer": {"class_name": "Ones", "config": {}}, "name": "batchnormalization_act_blockid_206", "moving_mean_initializer": {"class_name": "Zeros", "config": {}}, "scale": true, "beta_initializer": {"class_name": "Zeros", "config": {}}, "dtype": "float32", "gamma_constraint": null, "beta_regularizer": null}}, {"inbound_nodes": [[["batchnormalization_act_blockid_206", 0, 0, {}]]], "name": "activation_act_blockid_207", "class_name": "Activation", "config": {"trainable": true, "name": "activation_act_blockid_207", "dtype": "float32", "activation": "relu"}}, {"inbound_nodes": [[["activation_act_blockid_207", 0, 0, {}]]], "name": "conv2d_act_blockid_208", "class_name": "Conv2D", "config": {"bias_regularizer": null, "kernel_size": [1, 1], "trainable": true, "bias_constraint": null, "strides": [1, 1], "data_format": "channels_last", "dilation_rate": [1, 1], "dtype": "float32", "filters": 64, "name": "conv2d_act_blockid_208", "activity_regularizer": null, "kernel_constraint": null, "activation": "linear", "kernel_initializer": {"class_name": "VarianceScaling", "config": {"seed": null, "scale": 1.0, "mode": "fan_avg", "distribution": "uniform"}}, "kernel_regularizer": null, "bias_initializer": {"class_name": "Zeros", "config": {}}, "padding": "valid", "use_bias": false}}, {"inbound_nodes": [[["conv2d_act_blockid_208", 0, 0, {}]]], "name": "batchnormalization_act_blockid_209", "class_name": "BatchNormalization", "config": {"epsilon": 1.001e-05, "beta_constraint": null, "momentum": 0.99, "trainable": true, "gamma_regularizer": null, "axis": 3, "moving_variance_initializer": {"class_name": "Ones", "config": {}}, "center": true, "gamma_initializer": {"class_name": "Ones", "config": {}}, "name": "batchnormalization_act_blockid_209", "moving_mean_initializer": {"class_name": "Zeros", "config": {}}, "scale": true, "beta_initializer": {"class_name": "Zeros", "config": {}}, "dtype": "float32", "gamma_constraint": null, "beta_regularizer": null}}, {"inbound_nodes": [[["batchnormalization_act_blockid_209", 0, 0, {}]]], "name": "activation_act_blockid_210", "class_name": "Activation", "config": {"trainable": true, "name": "activation_act_blockid_210", "dtype": "float32", "activation": "relu"}}, {"inbound_nodes": [[["activation_act_blockid_210", 0, 0, {}]]], "name": "zeropadding2d_act_blockid_211", "class_name": "ZeroPadding2D", "config": {"trainable": true, "data_format": "channels_last", "name": "zeropadding2d_act_blockid_211", "dtype": "float32", "padding": [[1, 1], [1, 1]]}}, {"inbound_nodes": [[["zeropadding2d_act_blockid_211", 0, 0, {}]]], "name": "conv2d_act_blockid_212", "class_name": "Conv2D", "config": {"bias_regularizer": null, "kernel_size": [3, 3], "trainable": true, "bias_constraint": null, "strides": [1, 1], "data_format": "channels_last", "dilation_rate": [1, 1], "dtype": "float32", "filters": 64, "name": "conv2d_act_blockid_212", "activity_regularizer": null, "kernel_constraint": null, "activation": "linear", "kernel_initializer": {"class_name": "VarianceScaling", "config": {"seed": null, "scale": 1.0, "mode": "fan_avg", "distribution": "uniform"}}, "kernel_regularizer": null, "bias_initializer": {"class_name": "Zeros", "config": {}}, "padding": "valid", "use_bias": false}}, {"inbound_nodes": [[["conv2d_act_blockid_212", 0, 0, {}]]], "name": "batchnormalization_act_blockid_213", "class_name": "BatchNormalization", "config": {"epsilon": 1.001e-05, "beta_constraint": null, "momentum": 0.99, "trainable": true, "gamma_regularizer": null, "axis": 3, "moving_variance_initializer": {"class_name": "Ones", "config": {}}, "center": true, "gamma_initializer": {"class_name": "Ones", "config": {}}, "name": "batchnormalization_act_blockid_213", "moving_mean_initializer": {"class_name": "Zeros", "config": {}}, "scale": true, "beta_initializer": {"class_name": "Zeros", "config": {}}, "dtype": "float32", "gamma_constraint": null, "beta_regularizer": null}}, {"inbound_nodes": [[["batchnormalization_act_blockid_213", 0, 0, {}]]], "name": "activation_act_blockid_214", "class_name": "Activation", "config": {"trainable": true, "name": "activation_act_blockid_214", "dtype": "float32", "activation": "relu"}}, {"inbound_nodes": [[["activation_act_blockid_214", 0, 0, {}]]], "name": "conv2d_act_blockid_216", "class_name": "Conv2D", "config": {"bias_regularizer": null, "kernel_size": [1, 1], "trainable": true, "bias_constraint": null, "strides": [1, 1], "data_format": "channels_last", "dilation_rate": [1, 1], "dtype": "float32", "filters": 256, "name": "conv2d_act_blockid_216", "activity_regularizer": null, "kernel_constraint": null, "activation": "linear", "kernel_initializer": {"class_name": "VarianceScaling", "config": {"seed": null, "scale": 1.0, "mode": "fan_avg", "distribution": "uniform"}}, "kernel_regularizer": null, "bias_initializer": {"class_name": "Zeros", "config": {}}, "padding": "valid", "use_bias": true}}, {"inbound_nodes": [[["activation_act_blockid_207", 0, 0, {}]]], "name": "conv2d_act_blockid_215", "class_name": "Conv2D", "config": {"bias_regularizer": null, "kernel_size": [1, 1], "trainable": true, "bias_constraint": null, "strides": [1, 1], "data_format": "channels_last", "dilation_rate": [1, 1], "dtype": "float32", "filters": 256, "name": "conv2d_act_blockid_215", "activity_regularizer": null, "kernel_constraint": null, "activation": "linear", "kernel_initializer": {"class_name": "VarianceScaling", "config": {"seed": null, "scale": 1.0, "mode": "fan_avg", "distribution": "uniform"}}, "kernel_regularizer": null, "bias_initializer": {"class_name": "Zeros", "config": {}}, "padding": "valid", "use_bias": true}}, {"inbound_nodes": [[["conv2d_act_blockid_216", 0, 0, {}], ["conv2d_act_blockid_215", 0, 0, {}]]], "name": "add_act_blockid_217", "class_name": "Add", "config": {"name": "add_act_blockid_217", "trainable": true, "dtype": "float32"}}, {"inbound_nodes": [[["add_act_blockid_217", 0, 0, {}]]], "name": "batchnormalization_act_blockid_218", "class_name": "BatchNormalization", "config": {"epsilon": 1.001e-05, "beta_constraint": null, "momentum": 0.99, "trainable": true, "gamma_regularizer": null, "axis": 3, "moving_variance_initializer": {"class_name": "Ones", "config": {}}, "center": true, "gamma_initializer": {"class_name": "Ones", "config": {}}, "name": "batchnormalization_act_blockid_218", "moving_mean_initializer": {"class_name": "Zeros", "config": {}}, "scale": true, "beta_initializer": {"class_name": "Zeros", "config": {}}, "dtype": "float32", "gamma_constraint": null, "beta_regularizer": null}}, {"inbound_nodes": [[["batchnormalization_act_blockid_218", 0, 0, {}]]], "name": "activation_act_blockid_219", "class_name": "Activation", "config": {"trainable": true, "name": "activation_act_blockid_219", "dtype": "float32", "activation": "relu"}}, {"inbound_nodes": [[["activation_act_blockid_219", 0, 0, {}]]], "name": "conv2d_act_blockid_220", "class_name": "Conv2D", "config": {"bias_regularizer": null, "kernel_size": [1, 1], "trainable": true, "bias_constraint": null, "strides": [1, 1], "data_format": "channels_last", "dilation_rate": [1, 1], "dtype": "float32", "filters": 64, "name": "conv2d_act_blockid_220", "activity_regularizer": null, "kernel_constraint": null, "activation": "linear", "kernel_initializer": {"class_name": "VarianceScaling", "config": {"seed": null, "scale": 1.0, "mode": "fan_avg", "distribution": "uniform"}}, "kernel_regularizer": null, "bias_initializer": {"class_name": "Zeros", "config": {}}, "padding": "valid", "use_bias": false}}, {"inbound_nodes": [[["conv2d_act_blockid_220", 0, 0, {}]]], "name": "batchnormalization_act_blockid_221", "class_name": "BatchNormalization", "config": {"epsilon": 1.001e-05, "beta_constraint": null, "momentum": 0.99, "trainable": true, "gamma_regularizer": null, "axis": 3, "moving_variance_initializer": {"class_name": "Ones", "config": {}}, "center": true, "gamma_initializer": {"class_name": "Ones", "config": {}}, "name": "batchnormalization_act_blockid_221", "moving_mean_initializer": {"class_name": "Zeros", "config": {}}, "scale": true, "beta_initializer": {"class_name": "Zeros", "config": {}}, "dtype": "float32", "gamma_constraint": null, "beta_regularizer": null}}, {"inbound_nodes": [[["batchnormalization_act_blockid_221", 0, 0, {}]]], "name": "activation_act_blockid_222", "class_name": "Activation", "config": {"trainable": true, "name": "activation_act_blockid_222", "dtype": "float32", "activation": "relu"}}, {"inbound_nodes": [[["activation_act_blockid_222", 0, 0, {}]]], "name": "zeropadding2d_act_blockid_223", "class_name": "ZeroPadding2D", "config": {"trainable": true, "data_format": "channels_last", "name": "zeropadding2d_act_blockid_223", "dtype": "float32", "padding": [[1, 1], [1, 1]]}}, {"inbound_nodes": [[["zeropadding2d_act_blockid_223", 0, 0, {}]]], "name": "conv2d_act_blockid_224", "class_name": "Conv2D", "config": {"bias_regularizer": null, "kernel_size": [3, 3], "trainable": true, "bias_constraint": null, "strides": [1, 1], "data_format": "channels_last", "dilation_rate": [1, 1], "dtype": "float32", "filters": 64, "name": "conv2d_act_blockid_224", "activity_regularizer": null, "kernel_constraint": null, "activation": "linear", "kernel_initializer": {"class_name": "VarianceScaling", "config": {"seed": null, "scale": 1.0, "mode": "fan_avg", "distribution": "uniform"}}, "kernel_regularizer": null, "bias_initializer": {"class_name": "Zeros", "config": {}}, "padding": "valid", "use_bias": false}}, {"inbound_nodes": [[["conv2d_act_blockid_224", 0, 0, {}]]], "name": "batchnormalization_act_blockid_225", "class_name": "BatchNormalization", "config": {"epsilon": 1.001e-05, "beta_constraint": null, "momentum": 0.99, "trainable": true, "gamma_regularizer": null, "axis": 3, "moving_variance_initializer": {"class_name": "Ones", "config": {}}, "center": true, "gamma_initializer": {"class_name": "Ones", "config": {}}, "name": "batchnormalization_act_blockid_225", "moving_mean_initializer": {"class_name": "Zeros", "config": {}}, "scale": true, "beta_initializer": {"class_name": "Zeros", "config": {}}, "dtype": "float32", "gamma_constraint": null, "beta_regularizer": null}}, {"inbound_nodes": [[["batchnormalization_act_blockid_225", 0, 0, {}]]], "name": "activation_act_blockid_226", "class_name": "Activation", "config": {"trainable": true, "name": "activation_act_blockid_226", "dtype": "float32", "activation": "relu"}}, {"inbound_nodes": [[["activation_act_blockid_226", 0, 0, {}]]], "name": "conv2d_act_blockid_227", "class_name": "Conv2D", "config": {"bias_regularizer": null, "kernel_size": [1, 1], "trainable": true, "bias_constraint": null, "strides": [1, 1], "data_format": "channels_last", "dilation_rate": [1, 1], "dtype": "float32", "filters": 256, "name": "conv2d_act_blockid_227", "activity_regularizer": null, "kernel_constraint": null, "activation": "linear", "kernel_initializer": {"class_name": "VarianceScaling", "config": {"seed": null, "scale": 1.0, "mode": "fan_avg", "distribution": "uniform"}}, "kernel_regularizer": null, "bias_initializer": {"class_name": "Zeros", "config": {}}, "padding": "valid", "use_bias": true}}, {"inbound_nodes": [[["conv2d_act_blockid_227", 0, 0, {}], ["add_act_blockid_217", 0, 0, {}]]], "name": "add_act_blockid_228", "class_name": "Add", "config": {"name": "add_act_blockid_228", "trainable": true, "dtype": "float32"}}, {"inbound_nodes": [[["add_act_blockid_228", 0, 0, {}]]], "name": "batchnormalization_act_blockid_229", "class_name": "BatchNormalization", "config": {"epsilon": 1.001e-05, "beta_constraint": null, "momentum": 0.99, "trainable": true, "gamma_regularizer": null, "axis": 3, "moving_variance_initializer": {"class_name": "Ones", "config": {}}, "center": true, "gamma_initializer": {"class_name": "Ones", "config": {}}, "name": "batchnormalization_act_blockid_229", "moving_mean_initializer": {"class_name": "Zeros", "config": {}}, "scale": true, "beta_initializer": {"class_name": "Zeros", "config": {}}, "dtype": "float32", "gamma_constraint": null, "beta_regularizer": null}}, {"inbound_nodes": [[["batchnormalization_act_blockid_229", 0, 0, {}]]], "name": "activation_act_blockid_230", "class_name": "Activation", "config": {"trainable": true, "name": "activation_act_blockid_230", "dtype": "float32", "activation": "relu"}}, {"inbound_nodes": [[["activation_act_blockid_230", 0, 0, {}]]], "name": "conv2d_act_blockid_231", "class_name": "Conv2D", "config": {"bias_regularizer": null, "kernel_size": [1, 1], "trainable": true, "bias_constraint": null, "strides": [1, 1], "data_format": "channels_last", "dilation_rate": [1, 1], "dtype": "float32", "filters": 64, "name": "conv2d_act_blockid_231", "activity_regularizer": null, "kernel_constraint": null, "activation": "linear", "kernel_initializer": {"class_name": "VarianceScaling", "config": {"seed": null, "scale": 1.0, "mode": "fan_avg", "distribution": "uniform"}}, "kernel_regularizer": null, "bias_initializer": {"class_name": "Zeros", "config": {}}, "padding": "valid", "use_bias": false}}, {"inbound_nodes": [[["conv2d_act_blockid_231", 0, 0, {}]]], "name": "batchnormalization_act_blockid_232", "class_name": "BatchNormalization", "config": {"epsilon": 1.001e-05, "beta_constraint": null, "momentum": 0.99, "trainable": true, "gamma_regularizer": null, "axis": 3, "moving_variance_initializer": {"class_name": "Ones", "config": {}}, "center": true, "gamma_initializer": {"class_name": "Ones", "config": {}}, "name": "batchnormalization_act_blockid_232", "moving_mean_initializer": {"class_name": "Zeros", "config": {}}, "scale": true, "beta_initializer": {"class_name": "Zeros", "config": {}}, "dtype": "float32", "gamma_constraint": null, "beta_regularizer": null}}, {"inbound_nodes": [[["batchnormalization_act_blockid_232", 0, 0, {}]]], "name": "activation_act_blockid_233", "class_name": "Activation", "config": {"trainable": true, "name": "activation_act_blockid_233", "dtype": "float32", "activation": "relu"}}, {"inbound_nodes": [[["activation_act_blockid_233", 0, 0, {}]]], "name": "zeropadding2d_act_blockid_234", "class_name": "ZeroPadding2D", "config": {"trainable": true, "data_format": "channels_last", "name": "zeropadding2d_act_blockid_234", "dtype": "float32", "padding": [[1, 1], [1, 1]]}}, {"inbound_nodes": [[["zeropadding2d_act_blockid_234", 0, 0, {}]]], "name": "conv2d_act_blockid_235", "class_name": "Conv2D", "config": {"bias_regularizer": null, "kernel_size": [3, 3], "trainable": true, "bias_constraint": null, "strides": [2, 2], "data_format": "channels_last", "dilation_rate": [1, 1], "dtype": "float32", "filters": 64, "name": "conv2d_act_blockid_235", "activity_regularizer": null, "kernel_constraint": null, "activation": "linear", "kernel_initializer": {"class_name": "VarianceScaling", "config": {"seed": null, "scale": 1.0, "mode": "fan_avg", "distribution": "uniform"}}, "kernel_regularizer": null, "bias_initializer": {"class_name": "Zeros", "config": {}}, "padding": "valid", "use_bias": false}}, {"inbound_nodes": [[["conv2d_act_blockid_235", 0, 0, {}]]], "name": "batchnormalization_act_blockid_236", "class_name": "BatchNormalization", "config": {"epsilon": 1.001e-05, "beta_constraint": null, "momentum": 0.99, "trainable": true, "gamma_regularizer": null, "axis": 3, "moving_variance_initializer": {"class_name": "Ones", "config": {}}, "center": true, "gamma_initializer": {"class_name": "Ones", "config": {}}, "name": "batchnormalization_act_blockid_236", "moving_mean_initializer": {"class_name": "Zeros", "config": {}}, "scale": true, "beta_initializer": {"class_name": "Zeros", "config": {}}, "dtype": "float32", "gamma_constraint": null, "beta_regularizer": null}}, {"inbound_nodes": [[["batchnormalization_act_blockid_236", 0, 0, {}]]], "name": "activation_act_blockid_237", "class_name": "Activation", "config": {"trainable": true, "name": "activation_act_blockid_237", "dtype": "float32", "activation": "relu"}}, {"inbound_nodes": [[["activation_act_blockid_237", 0, 0, {}]]], "name": "conv2d_act_blockid_239", "class_name": "Conv2D", "config": {"bias_regularizer": null, "kernel_size": [1, 1], "trainable": true, "bias_constraint": null, "strides": [1, 1], "data_format": "channels_last", "dilation_rate": [1, 1], "dtype": "float32", "filters": 256, "name": "conv2d_act_blockid_239", "activity_regularizer": null, "kernel_constraint": null, "activation": "linear", "kernel_initializer": {"class_name": "VarianceScaling", "config": {"seed": null, "scale": 1.0, "mode": "fan_avg", "distribution": "uniform"}}, "kernel_regularizer": null, "bias_initializer": {"class_name": "Zeros", "config": {}}, "padding": "valid", "use_bias": true}}, {"inbound_nodes": [[["add_act_blockid_228", 0, 0, {}]]], "name": "maxpooling2d_act_blockid_238", "class_name": "MaxPooling2D", "config": {"pool_size": [1, 1], "trainable": true, "name": "maxpooling2d_act_blockid_238", "strides": [2, 2], "data_format": "channels_last", "dtype": "float32", "padding": "valid"}}, {"inbound_nodes": [[["conv2d_act_blockid_239", 0, 0, {}], ["maxpooling2d_act_blockid_238", 0, 0, {}]]], "name": "add_act_blockid_240", "class_name": "Add", "config": {"name": "add_act_blockid_240", "trainable": true, "dtype": "float32"}}, {"inbound_nodes": [[["add_act_blockid_240", 0, 0, {}]]], "name": "batchnormalization_act_blockid_241", "class_name": "BatchNormalization", "config": {"epsilon": 1.001e-05, "beta_constraint": null, "momentum": 0.99, "trainable": true, "gamma_regularizer": null, "axis": 3, "moving_variance_initializer": {"class_name": "Ones", "config": {}}, "center": true, "gamma_initializer": {"class_name": "Ones", "config": {}}, "name": "batchnormalization_act_blockid_241", "moving_mean_initializer": {"class_name": "Zeros", "config": {}}, "scale": true, "beta_initializer": {"class_name": "Zeros", "config": {}}, "dtype": "float32", "gamma_constraint": null, "beta_regularizer": null}}, {"inbound_nodes": [[["batchnormalization_act_blockid_241", 0, 0, {}]]], "name": "activation_act_blockid_242", "class_name": "Activation", "config": {"trainable": true, "name": "activation_act_blockid_242", "dtype": "float32", "activation": "relu"}}, {"inbound_nodes": [[["activation_act_blockid_242", 0, 0, {}]]], "name": "conv2d_act_blockid_243", "class_name": "Conv2D", "config": {"bias_regularizer": null, "kernel_size": [1, 1], "trainable": true, "bias_constraint": null, "strides": [1, 1], "data_format": "channels_last", "dilation_rate": [1, 1], "dtype": "float32", "filters": 128, "name": "conv2d_act_blockid_243", "activity_regularizer": null, "kernel_constraint": null, "activation": "linear", "kernel_initializer": {"class_name": "VarianceScaling", "config": {"seed": null, "scale": 1.0, "mode": "fan_avg", "distribution": "uniform"}}, "kernel_regularizer": null, "bias_initializer": {"class_name": "Zeros", "config": {}}, "padding": "valid", "use_bias": false}}, {"inbound_nodes": [[["conv2d_act_blockid_243", 0, 0, {}]]], "name": "batchnormalization_act_blockid_244", "class_name": "BatchNormalization", "config": {"epsilon": 1.001e-05, "beta_constraint": null, "momentum": 0.99, "trainable": true, "gamma_regularizer": null, "axis": 3, "moving_variance_initializer": {"class_name": "Ones", "config": {}}, "center": true, "gamma_initializer": {"class_name": "Ones", "config": {}}, "name": "batchnormalization_act_blockid_244", "moving_mean_initializer": {"class_name": "Zeros", "config": {}}, "scale": true, "beta_initializer": {"class_name": "Zeros", "config": {}}, "dtype": "float32", "gamma_constraint": null, "beta_regularizer": null}}, {"inbound_nodes": [[["batchnormalization_act_blockid_244", 0, 0, {}]]], "name": "activation_act_blockid_245", "class_name": "Activation", "config": {"trainable": true, "name": "activation_act_blockid_245", "dtype": "float32", "activation": "relu"}}, {"inbound_nodes": [[["activation_act_blockid_245", 0, 0, {}]]], "name": "zeropadding2d_act_blockid_246", "class_name": "ZeroPadding2D", "config": {"trainable": true, "data_format": "channels_last", "name": "zeropadding2d_act_blockid_246", "dtype": "float32", "padding": [[1, 1], [1, 1]]}}, {"inbound_nodes": [[["zeropadding2d_act_blockid_246", 0, 0, {}]]], "name": "conv2d_act_blockid_247", "class_name": "Conv2D", "config": {"bias_regularizer": null, "kernel_size": [3, 3], "trainable": true, "bias_constraint": null, "strides": [1, 1], "data_format": "channels_last", "dilation_rate": [1, 1], "dtype": "float32", "filters": 128, "name": "conv2d_act_blockid_247", "activity_regularizer": null, "kernel_constraint": null, "activation": "linear", "kernel_initializer": {"class_name": "VarianceScaling", "config": {"seed": null, "scale": 1.0, "mode": "fan_avg", "distribution": "uniform"}}, "kernel_regularizer": null, "bias_initializer": {"class_name": "Zeros", "config": {}}, "padding": "valid", "use_bias": false}}, {"inbound_nodes": [[["conv2d_act_blockid_247", 0, 0, {}]]], "name": "batchnormalization_act_blockid_248", "class_name": "BatchNormalization", "config": {"epsilon": 1.001e-05, "beta_constraint": null, "momentum": 0.99, "trainable": true, "gamma_regularizer": null, "axis": 3, "moving_variance_initializer": {"class_name": "Ones", "config": {}}, "center": true, "gamma_initializer": {"class_name": "Ones", "config": {}}, "name": "batchnormalization_act_blockid_248", "moving_mean_initializer": {"class_name": "Zeros", "config": {}}, "scale": true, "beta_initializer": {"class_name": "Zeros", "config": {}}, "dtype": "float32", "gamma_constraint": null, "beta_regularizer": null}}, {"inbound_nodes": [[["batchnormalization_act_blockid_248", 0, 0, {}]]], "name": "activation_act_blockid_249", "class_name": "Activation", "config": {"trainable": true, "name": "activation_act_blockid_249", "dtype": "float32", "activation": "relu"}}, {"inbound_nodes": [[["activation_act_blockid_249", 0, 0, {}]]], "name": "conv2d_act_blockid_251", "class_name": "Conv2D", "config": {"bias_regularizer": null, "kernel_size": [1, 1], "trainable": true, "bias_constraint": null, "strides": [1, 1], "data_format": "channels_last", "dilation_rate": [1, 1], "dtype": "float32", "filters": 512, "name": "conv2d_act_blockid_251", "activity_regularizer": null, "kernel_constraint": null, "activation": "linear", "kernel_initializer": {"class_name": "VarianceScaling", "config": {"seed": null, "scale": 1.0, "mode": "fan_avg", "distribution": "uniform"}}, "kernel_regularizer": null, "bias_initializer": {"class_name": "Zeros", "config": {}}, "padding": "valid", "use_bias": true}}, {"inbound_nodes": [[["activation_act_blockid_242", 0, 0, {}]]], "name": "conv2d_act_blockid_250", "class_name": "Conv2D", "config": {"bias_regularizer": null, "kernel_size": [1, 1], "trainable": true, "bias_constraint": null, "strides": [1, 1], "data_format": "channels_last", "dilation_rate": [1, 1], "dtype": "float32", "filters": 512, "name": "conv2d_act_blockid_250", "activity_regularizer": null, "kernel_constraint": null, "activation": "linear", "kernel_initializer": {"class_name": "VarianceScaling", "config": {"seed": null, "scale": 1.0, "mode": "fan_avg", "distribution": "uniform"}}, "kernel_regularizer": null, "bias_initializer": {"class_name": "Zeros", "config": {}}, "padding": "valid", "use_bias": true}}, {"inbound_nodes": [[["conv2d_act_blockid_251", 0, 0, {}], ["conv2d_act_blockid_250", 0, 0, {}]]], "name": "add_act_blockid_252", "class_name": "Add", "config": {"name": "add_act_blockid_252", "trainable": true, "dtype": "float32"}}, {"inbound_nodes": [[["add_act_blockid_252", 0, 0, {}]]], "name": "batchnormalization_act_blockid_253", "class_name": "BatchNormalization", "config": {"epsilon": 1.001e-05, "beta_constraint": null, "momentum": 0.99, "trainable": true, "gamma_regularizer": null, "axis": 3, "moving_variance_initializer": {"class_name": "Ones", "config": {}}, "center": true, "gamma_initializer": {"class_name": "Ones", "config": {}}, "name": "batchnormalization_act_blockid_253", "moving_mean_initializer": {"class_name": "Zeros", "config": {}}, "scale": true, "beta_initializer": {"class_name": "Zeros", "config": {}}, "dtype": "float32", "gamma_constraint": null, "beta_regularizer": null}}, {"inbound_nodes": [[["batchnormalization_act_blockid_253", 0, 0, {}]]], "name": "activation_act_blockid_254", "class_name": "Activation", "config": {"trainable": true, "name": "activation_act_blockid_254", "dtype": "float32", "activation": "relu"}}, {"inbound_nodes": [[["activation_act_blockid_254", 0, 0, {}]]], "name": "conv2d_act_blockid_255", "class_name": "Conv2D", "config": {"bias_regularizer": null, "kernel_size": [1, 1], "trainable": true, "bias_constraint": null, "strides": [1, 1], "data_format": "channels_last", "dilation_rate": [1, 1], "dtype": "float32", "filters": 128, "name": "conv2d_act_blockid_255", "activity_regularizer": null, "kernel_constraint": null, "activation": "linear", "kernel_initializer": {"class_name": "VarianceScaling", "config": {"seed": null, "scale": 1.0, "mode": "fan_avg", "distribution": "uniform"}}, "kernel_regularizer": null, "bias_initializer": {"class_name": "Zeros", "config": {}}, "padding": "valid", "use_bias": false}}, {"inbound_nodes": [[["conv2d_act_blockid_255", 0, 0, {}]]], "name": "batchnormalization_act_blockid_256", "class_name": "BatchNormalization", "config": {"epsilon": 1.001e-05, "beta_constraint": null, "momentum": 0.99, "trainable": true, "gamma_regularizer": null, "axis": 3, "moving_variance_initializer": {"class_name": "Ones", "config": {}}, "center": true, "gamma_initializer": {"class_name": "Ones", "config": {}}, "name": "batchnormalization_act_blockid_256", "moving_mean_initializer": {"class_name": "Zeros", "config": {}}, "scale": true, "beta_initializer": {"class_name": "Zeros", "config": {}}, "dtype": "float32", "gamma_constraint": null, "beta_regularizer": null}}, {"inbound_nodes": [[["batchnormalization_act_blockid_256", 0, 0, {}]]], "name": "activation_act_blockid_257", "class_name": "Activation", "config": {"trainable": true, "name": "activation_act_blockid_257", "dtype": "float32", "activation": "relu"}}, {"inbound_nodes": [[["activation_act_blockid_257", 0, 0, {}]]], "name": "zeropadding2d_act_blockid_258", "class_name": "ZeroPadding2D", "config": {"trainable": true, "data_format": "channels_last", "name": "zeropadding2d_act_blockid_258", "dtype": "float32", "padding": [[1, 1], [1, 1]]}}, {"inbound_nodes": [[["zeropadding2d_act_blockid_258", 0, 0, {}]]], "name": "conv2d_act_blockid_259", "class_name": "Conv2D", "config": {"bias_regularizer": null, "kernel_size": [3, 3], "trainable": true, "bias_constraint": null, "strides": [1, 1], "data_format": "channels_last", "dilation_rate": [1, 1], "dtype": "float32", "filters": 128, "name": "conv2d_act_blockid_259", "activity_regularizer": null, "kernel_constraint": null, "activation": "linear", "kernel_initializer": {"class_name": "VarianceScaling", "config": {"seed": null, "scale": 1.0, "mode": "fan_avg", "distribution": "uniform"}}, "kernel_regularizer": null, "bias_initializer": {"class_name": "Zeros", "config": {}}, "padding": "valid", "use_bias": false}}, {"inbound_nodes": [[["conv2d_act_blockid_259", 0, 0, {}]]], "name": "batchnormalization_act_blockid_260", "class_name": "BatchNormalization", "config": {"epsilon": 1.001e-05, "beta_constraint": null, "momentum": 0.99, "trainable": true, "gamma_regularizer": null, "axis": 3, "moving_variance_initializer": {"class_name": "Ones", "config": {}}, "center": true, "gamma_initializer": {"class_name": "Ones", "config": {}}, "name": "batchnormalization_act_blockid_260", "moving_mean_initializer": {"class_name": "Zeros", "config": {}}, "scale": true, "beta_initializer": {"class_name": "Zeros", "config": {}}, "dtype": "float32", "gamma_constraint": null, "beta_regularizer": null}}, {"inbound_nodes": [[["batchnormalization_act_blockid_260", 0, 0, {}]]], "name": "activation_act_blockid_261", "class_name": "Activation", "config": {"trainable": true, "name": "activation_act_blockid_261", "dtype": "float32", "activation": "relu"}}, {"inbound_nodes": [[["activation_act_blockid_261", 0, 0, {}]]], "name": "conv2d_act_blockid_262", "class_name": "Conv2D", "config": {"bias_regularizer": null, "kernel_size": [1, 1], "trainable": true, "bias_constraint": null, "strides": [1, 1], "data_format": "channels_last", "dilation_rate": [1, 1], "dtype": "float32", "filters": 512, "name": "conv2d_act_blockid_262", "activity_regularizer": null, "kernel_constraint": null, "activation": "linear", "kernel_initializer": {"class_name": "VarianceScaling", "config": {"seed": null, "scale": 1.0, "mode": "fan_avg", "distribution": "uniform"}}, "kernel_regularizer": null, "bias_initializer": {"class_name": "Zeros", "config": {}}, "padding": "valid", "use_bias": true}}, {"inbound_nodes": [[["conv2d_act_blockid_262", 0, 0, {}], ["add_act_blockid_252", 0, 0, {}]]], "name": "add_act_blockid_263", "class_name": "Add", "config": {"name": "add_act_blockid_263", "trainable": true, "dtype": "float32"}}, {"inbound_nodes": [[["add_act_blockid_263", 0, 0, {}]]], "name": "batchnormalization_act_blockid_264", "class_name": "BatchNormalization", "config": {"epsilon": 1.001e-05, "beta_constraint": null, "momentum": 0.99, "trainable": true, "gamma_regularizer": null, "axis": 3, "moving_variance_initializer": {"class_name": "Ones", "config": {}}, "center": true, "gamma_initializer": {"class_name": "Ones", "config": {}}, "name": "batchnormalization_act_blockid_264", "moving_mean_initializer": {"class_name": "Zeros", "config": {}}, "scale": true, "beta_initializer": {"class_name": "Zeros", "config": {}}, "dtype": "float32", "gamma_constraint": null, "beta_regularizer": null}}, {"inbound_nodes": [[["batchnormalization_act_blockid_264", 0, 0, {}]]], "name": "activation_act_blockid_390", "class_name": "Activation", "config": {"trainable": true, "name": "activation_act_blockid_390", "dtype": "float32", "activation": "relu"}}, {"inbound_nodes": [[["activation_act_blockid_390", 0, 0, {}]]], "name": "globalaveragepooling2d_act_blockid_391", "class_name": "GlobalAveragePooling2D", "config": {"trainable": true, "data_format": "channels_last", "name": "globalaveragepooling2d_act_blockid_391", "dtype": "float32"}}, {"inbound_nodes": [[["globalaveragepooling2d_act_blockid_391", 0, 0, {}]]], "name": "dense_act_blockid_392", "class_name": "Dense", "config": {"trainable": true, "bias_constraint": null, "bias_regularizer": null, "units": 7, "dtype": "float32", "name": "dense_act_blockid_392", "activity_regularizer": null, "kernel_constraint": null, "activation": "softmax", "kernel_initializer": {"class_name": "VarianceScaling", "config": {"seed": null, "scale": 1.0, "mode": "fan_avg", "distribution": "uniform"}}, "kernel_regularizer": null, "bias_initializer": {"class_name": "Zeros", "config": {}}, "use_bias": true}}], "output_layers": [["dense_act_blockid_392", 0, 0]], "name": "model_1", "input_layers": [["c1206_image_blockid_502", 0, 0]]}}