{"class_name": "Model", "config": {"name": "model_1", "input_layers": [["sot23-cls_image_blockid_441", 0, 0]], "layers": [{"name": "sot23-cls_image_blockid_441", "config": {"name": "sot23-cls_image_blockid_441", "batch_input_shape": [null, 256, 256, 3], "dtype": "float32", "sparse": false}, "inbound_nodes": [], "class_name": "InputLayer"}, {"name": "zeropadding2d_act_blockid_202", "config": {"name": "zeropadding2d_act_blockid_202", "dtype": "float32", "trainable": true, "padding": [[3, 3], [3, 3]], "data_format": "channels_last"}, "inbound_nodes": [[["sot23-cls_image_blockid_441", 0, 0, {}]]], "class_name": "ZeroPadding2D"}, {"name": "conv2d_act_blockid_203", "config": {"name": "conv2d_act_blockid_203", "trainable": true, "bias_regularizer": null, "filters": 64, "activation": "linear", "padding": "valid", "kernel_initializer": {"class_name": "VarianceScaling", "config": {"scale": 1.0, "seed": null, "mode": "fan_avg", "distribution": "uniform"}}, "use_bias": true, "bias_initializer": {"class_name": "Zeros", "config": {}}, "strides": [2, 2], "bias_constraint": null, "dilation_rate": [1, 1], "activity_regularizer": null, "kernel_size": [7, 7], "data_format": "channels_last", "dtype": "float32", "kernel_regularizer": null, "kernel_constraint": null}, "inbound_nodes": [[["zeropadding2d_act_blockid_202", 0, 0, {}]]], "class_name": "Conv2D"}, {"name": "zeropadding2d_act_blockid_204", "config": {"name": "zeropadding2d_act_blockid_204", "dtype": "float32", "trainable": true, "padding": [[1, 1], [1, 1]], "data_format": "channels_last"}, "inbound_nodes": [[["conv2d_act_blockid_203", 0, 0, {}]]], "class_name": "ZeroPadding2D"}, {"name": "maxpooling2d_act_blockid_205", "config": {"name": "maxpooling2d_act_blockid_205", "trainable": true, "strides": [2, 2], "data_format": "channels_last", "dtype": "float32", "pool_size": [3, 3], "padding": "valid"}, "inbound_nodes": [[["zeropadding2d_act_blockid_204", 0, 0, {}]]], "class_name": "MaxPooling2D"}, {"name": "batchnormalization_act_blockid_206", "config": {"gamma_constraint": null, "name": "batchnormalization_act_blockid_206", "trainable": true, "epsilon": 1.001e-05, "center": true, "beta_constraint": null, "moving_variance_initializer": {"class_name": "Ones", "config": {}}, "gamma_regularizer": null, "momentum": 0.99, "beta_regularizer": null, "beta_initializer": {"class_name": "Zeros", "config": {}}, "axis": 3, "scale": true, "moving_mean_initializer": {"class_name": "Zeros", "config": {}}, "dtype": "float32", "gamma_initializer": {"class_name": "Ones", "config": {}}}, "inbound_nodes": [[["maxpooling2d_act_blockid_205", 0, 0, {}]]], "class_name": "BatchNormalization"}, {"name": "activation_act_blockid_207", "config": {"activation": "relu", "name": "activation_act_blockid_207", "dtype": "float32", "trainable": true}, "inbound_nodes": [[["batchnormalization_act_blockid_206", 0, 0, {}]]], "class_name": "Activation"}, {"name": "conv2d_act_blockid_208", "config": {"name": "conv2d_act_blockid_208", "trainable": true, "bias_regularizer": null, "filters": 64, "activation": "linear", "padding": "valid", "kernel_initializer": {"class_name": "VarianceScaling", "config": {"scale": 1.0, "seed": null, "mode": "fan_avg", "distribution": "uniform"}}, "use_bias": false, "bias_initializer": {"class_name": "Zeros", "config": {}}, "strides": [1, 1], "bias_constraint": null, "dilation_rate": [1, 1], "activity_regularizer": null, "kernel_size": [1, 1], "data_format": "channels_last", "dtype": "float32", "kernel_regularizer": null, "kernel_constraint": null}, "inbound_nodes": [[["activation_act_blockid_207", 0, 0, {}]]], "class_name": "Conv2D"}, {"name": "batchnormalization_act_blockid_209", "config": {"gamma_constraint": null, "name": "batchnormalization_act_blockid_209", "trainable": true, "epsilon": 1.001e-05, "center": true, "beta_constraint": null, "moving_variance_initializer": {"class_name": "Ones", "config": {}}, "gamma_regularizer": null, "momentum": 0.99, "beta_regularizer": null, "beta_initializer": {"class_name": "Zeros", "config": {}}, "axis": 3, "scale": true, "moving_mean_initializer": {"class_name": "Zeros", "config": {}}, "dtype": "float32", "gamma_initializer": {"class_name": "Ones", "config": {}}}, "inbound_nodes": [[["conv2d_act_blockid_208", 0, 0, {}]]], "class_name": "BatchNormalization"}, {"name": "activation_act_blockid_210", "config": {"activation": "relu", "name": "activation_act_blockid_210", "dtype": "float32", "trainable": true}, "inbound_nodes": [[["batchnormalization_act_blockid_209", 0, 0, {}]]], "class_name": "Activation"}, {"name": "zeropadding2d_act_blockid_211", "config": {"name": "zeropadding2d_act_blockid_211", "dtype": "float32", "trainable": true, "padding": [[1, 1], [1, 1]], "data_format": "channels_last"}, "inbound_nodes": [[["activation_act_blockid_210", 0, 0, {}]]], "class_name": "ZeroPadding2D"}, {"name": "conv2d_act_blockid_212", "config": {"name": "conv2d_act_blockid_212", "trainable": true, "bias_regularizer": null, "filters": 64, "activation": "linear", "padding": "valid", "kernel_initializer": {"class_name": "VarianceScaling", "config": {"scale": 1.0, "seed": null, "mode": "fan_avg", "distribution": "uniform"}}, "use_bias": false, "bias_initializer": {"class_name": "Zeros", "config": {}}, "strides": [1, 1], "bias_constraint": null, "dilation_rate": [1, 1], "activity_regularizer": null, "kernel_size": [3, 3], "data_format": "channels_last", "dtype": "float32", "kernel_regularizer": null, "kernel_constraint": null}, "inbound_nodes": [[["zeropadding2d_act_blockid_211", 0, 0, {}]]], "class_name": "Conv2D"}, {"name": "batchnormalization_act_blockid_213", "config": {"gamma_constraint": null, "name": "batchnormalization_act_blockid_213", "trainable": true, "epsilon": 1.001e-05, "center": true, "beta_constraint": null, "moving_variance_initializer": {"class_name": "Ones", "config": {}}, "gamma_regularizer": null, "momentum": 0.99, "beta_regularizer": null, "beta_initializer": {"class_name": "Zeros", "config": {}}, "axis": 3, "scale": true, "moving_mean_initializer": {"class_name": "Zeros", "config": {}}, "dtype": "float32", "gamma_initializer": {"class_name": "Ones", "config": {}}}, "inbound_nodes": [[["conv2d_act_blockid_212", 0, 0, {}]]], "class_name": "BatchNormalization"}, {"name": "activation_act_blockid_214", "config": {"activation": "relu", "name": "activation_act_blockid_214", "dtype": "float32", "trainable": true}, "inbound_nodes": [[["batchnormalization_act_blockid_213", 0, 0, {}]]], "class_name": "Activation"}, {"name": "conv2d_act_blockid_215", "config": {"name": "conv2d_act_blockid_215", "trainable": true, "bias_regularizer": null, "filters": 256, "activation": "linear", "padding": "valid", "kernel_initializer": {"class_name": "VarianceScaling", "config": {"scale": 1.0, "seed": null, "mode": "fan_avg", "distribution": "uniform"}}, "use_bias": true, "bias_initializer": {"class_name": "Zeros", "config": {}}, "strides": [1, 1], "bias_constraint": null, "dilation_rate": [1, 1], "activity_regularizer": null, "kernel_size": [1, 1], "data_format": "channels_last", "dtype": "float32", "kernel_regularizer": null, "kernel_constraint": null}, "inbound_nodes": [[["activation_act_blockid_207", 0, 0, {}]]], "class_name": "Conv2D"}, {"name": "conv2d_act_blockid_216", "config": {"name": "conv2d_act_blockid_216", "trainable": true, "bias_regularizer": null, "filters": 256, "activation": "linear", "padding": "valid", "kernel_initializer": {"class_name": "VarianceScaling", "config": {"scale": 1.0, "seed": null, "mode": "fan_avg", "distribution": "uniform"}}, "use_bias": true, "bias_initializer": {"class_name": "Zeros", "config": {}}, "strides": [1, 1], "bias_constraint": null, "dilation_rate": [1, 1], "activity_regularizer": null, "kernel_size": [1, 1], "data_format": "channels_last", "dtype": "float32", "kernel_regularizer": null, "kernel_constraint": null}, "inbound_nodes": [[["activation_act_blockid_214", 0, 0, {}]]], "class_name": "Conv2D"}, {"name": "add_act_blockid_217", "config": {"name": "add_act_blockid_217", "dtype": "float32", "trainable": true}, "inbound_nodes": [[["conv2d_act_blockid_215", 0, 0, {}], ["conv2d_act_blockid_216", 0, 0, {}]]], "class_name": "Add"}, {"name": "batchnormalization_act_blockid_218", "config": {"gamma_constraint": null, "name": "batchnormalization_act_blockid_218", "trainable": true, "epsilon": 1.001e-05, "center": true, "beta_constraint": null, "moving_variance_initializer": {"class_name": "Ones", "config": {}}, "gamma_regularizer": null, "momentum": 0.99, "beta_regularizer": null, "beta_initializer": {"class_name": "Zeros", "config": {}}, "axis": 3, "scale": true, "moving_mean_initializer": {"class_name": "Zeros", "config": {}}, "dtype": "float32", "gamma_initializer": {"class_name": "Ones", "config": {}}}, "inbound_nodes": [[["add_act_blockid_217", 0, 0, {}]]], "class_name": "BatchNormalization"}, {"name": "activation_act_blockid_219", "config": {"activation": "relu", "name": "activation_act_blockid_219", "dtype": "float32", "trainable": true}, "inbound_nodes": [[["batchnormalization_act_blockid_218", 0, 0, {}]]], "class_name": "Activation"}, {"name": "conv2d_act_blockid_220", "config": {"name": "conv2d_act_blockid_220", "trainable": true, "bias_regularizer": null, "filters": 64, "activation": "linear", "padding": "valid", "kernel_initializer": {"class_name": "VarianceScaling", "config": {"scale": 1.0, "seed": null, "mode": "fan_avg", "distribution": "uniform"}}, "use_bias": false, "bias_initializer": {"class_name": "Zeros", "config": {}}, "strides": [1, 1], "bias_constraint": null, "dilation_rate": [1, 1], "activity_regularizer": null, "kernel_size": [1, 1], "data_format": "channels_last", "dtype": "float32", "kernel_regularizer": null, "kernel_constraint": null}, "inbound_nodes": [[["activation_act_blockid_219", 0, 0, {}]]], "class_name": "Conv2D"}, {"name": "batchnormalization_act_blockid_221", "config": {"gamma_constraint": null, "name": "batchnormalization_act_blockid_221", "trainable": true, "epsilon": 1.001e-05, "center": true, "beta_constraint": null, "moving_variance_initializer": {"class_name": "Ones", "config": {}}, "gamma_regularizer": null, "momentum": 0.99, "beta_regularizer": null, "beta_initializer": {"class_name": "Zeros", "config": {}}, "axis": 3, "scale": true, "moving_mean_initializer": {"class_name": "Zeros", "config": {}}, "dtype": "float32", "gamma_initializer": {"class_name": "Ones", "config": {}}}, "inbound_nodes": [[["conv2d_act_blockid_220", 0, 0, {}]]], "class_name": "BatchNormalization"}, {"name": "activation_act_blockid_222", "config": {"activation": "relu", "name": "activation_act_blockid_222", "dtype": "float32", "trainable": true}, "inbound_nodes": [[["batchnormalization_act_blockid_221", 0, 0, {}]]], "class_name": "Activation"}, {"name": "zeropadding2d_act_blockid_223", "config": {"name": "zeropadding2d_act_blockid_223", "dtype": "float32", "trainable": true, "padding": [[1, 1], [1, 1]], "data_format": "channels_last"}, "inbound_nodes": [[["activation_act_blockid_222", 0, 0, {}]]], "class_name": "ZeroPadding2D"}, {"name": "conv2d_act_blockid_224", "config": {"name": "conv2d_act_blockid_224", "trainable": true, "bias_regularizer": null, "filters": 64, "activation": "linear", "padding": "valid", "kernel_initializer": {"class_name": "VarianceScaling", "config": {"scale": 1.0, "seed": null, "mode": "fan_avg", "distribution": "uniform"}}, "use_bias": false, "bias_initializer": {"class_name": "Zeros", "config": {}}, "strides": [1, 1], "bias_constraint": null, "dilation_rate": [1, 1], "activity_regularizer": null, "kernel_size": [3, 3], "data_format": "channels_last", "dtype": "float32", "kernel_regularizer": null, "kernel_constraint": null}, "inbound_nodes": [[["zeropadding2d_act_blockid_223", 0, 0, {}]]], "class_name": "Conv2D"}, {"name": "batchnormalization_act_blockid_225", "config": {"gamma_constraint": null, "name": "batchnormalization_act_blockid_225", "trainable": true, "epsilon": 1.001e-05, "center": true, "beta_constraint": null, "moving_variance_initializer": {"class_name": "Ones", "config": {}}, "gamma_regularizer": null, "momentum": 0.99, "beta_regularizer": null, "beta_initializer": {"class_name": "Zeros", "config": {}}, "axis": 3, "scale": true, "moving_mean_initializer": {"class_name": "Zeros", "config": {}}, "dtype": "float32", "gamma_initializer": {"class_name": "Ones", "config": {}}}, "inbound_nodes": [[["conv2d_act_blockid_224", 0, 0, {}]]], "class_name": "BatchNormalization"}, {"name": "activation_act_blockid_226", "config": {"activation": "relu", "name": "activation_act_blockid_226", "dtype": "float32", "trainable": true}, "inbound_nodes": [[["batchnormalization_act_blockid_225", 0, 0, {}]]], "class_name": "Activation"}, {"name": "conv2d_act_blockid_227", "config": {"name": "conv2d_act_blockid_227", "trainable": true, "bias_regularizer": null, "filters": 256, "activation": "linear", "padding": "valid", "kernel_initializer": {"class_name": "VarianceScaling", "config": {"scale": 1.0, "seed": null, "mode": "fan_avg", "distribution": "uniform"}}, "use_bias": true, "bias_initializer": {"class_name": "Zeros", "config": {}}, "strides": [1, 1], "bias_constraint": null, "dilation_rate": [1, 1], "activity_regularizer": null, "kernel_size": [1, 1], "data_format": "channels_last", "dtype": "float32", "kernel_regularizer": null, "kernel_constraint": null}, "inbound_nodes": [[["activation_act_blockid_226", 0, 0, {}]]], "class_name": "Conv2D"}, {"name": "add_act_blockid_228", "config": {"name": "add_act_blockid_228", "dtype": "float32", "trainable": true}, "inbound_nodes": [[["add_act_blockid_217", 0, 0, {}], ["conv2d_act_blockid_227", 0, 0, {}]]], "class_name": "Add"}, {"name": "batchnormalization_act_blockid_229", "config": {"gamma_constraint": null, "name": "batchnormalization_act_blockid_229", "trainable": true, "epsilon": 1.001e-05, "center": true, "beta_constraint": null, "moving_variance_initializer": {"class_name": "Ones", "config": {}}, "gamma_regularizer": null, "momentum": 0.99, "beta_regularizer": null, "beta_initializer": {"class_name": "Zeros", "config": {}}, "axis": 3, "scale": true, "moving_mean_initializer": {"class_name": "Zeros", "config": {}}, "dtype": "float32", "gamma_initializer": {"class_name": "Ones", "config": {}}}, "inbound_nodes": [[["add_act_blockid_228", 0, 0, {}]]], "class_name": "BatchNormalization"}, {"name": "activation_act_blockid_230", "config": {"activation": "relu", "name": "activation_act_blockid_230", "dtype": "float32", "trainable": true}, "inbound_nodes": [[["batchnormalization_act_blockid_229", 0, 0, {}]]], "class_name": "Activation"}, {"name": "conv2d_act_blockid_231", "config": {"name": "conv2d_act_blockid_231", "trainable": true, "bias_regularizer": null, "filters": 64, "activation": "linear", "padding": "valid", "kernel_initializer": {"class_name": "VarianceScaling", "config": {"scale": 1.0, "seed": null, "mode": "fan_avg", "distribution": "uniform"}}, "use_bias": false, "bias_initializer": {"class_name": "Zeros", "config": {}}, "strides": [1, 1], "bias_constraint": null, "dilation_rate": [1, 1], "activity_regularizer": null, "kernel_size": [1, 1], "data_format": "channels_last", "dtype": "float32", "kernel_regularizer": null, "kernel_constraint": null}, "inbound_nodes": [[["activation_act_blockid_230", 0, 0, {}]]], "class_name": "Conv2D"}, {"name": "batchnormalization_act_blockid_232", "config": {"gamma_constraint": null, "name": "batchnormalization_act_blockid_232", "trainable": true, "epsilon": 1.001e-05, "center": true, "beta_constraint": null, "moving_variance_initializer": {"class_name": "Ones", "config": {}}, "gamma_regularizer": null, "momentum": 0.99, "beta_regularizer": null, "beta_initializer": {"class_name": "Zeros", "config": {}}, "axis": 3, "scale": true, "moving_mean_initializer": {"class_name": "Zeros", "config": {}}, "dtype": "float32", "gamma_initializer": {"class_name": "Ones", "config": {}}}, "inbound_nodes": [[["conv2d_act_blockid_231", 0, 0, {}]]], "class_name": "BatchNormalization"}, {"name": "activation_act_blockid_233", "config": {"activation": "relu", "name": "activation_act_blockid_233", "dtype": "float32", "trainable": true}, "inbound_nodes": [[["batchnormalization_act_blockid_232", 0, 0, {}]]], "class_name": "Activation"}, {"name": "zeropadding2d_act_blockid_234", "config": {"name": "zeropadding2d_act_blockid_234", "dtype": "float32", "trainable": true, "padding": [[1, 1], [1, 1]], "data_format": "channels_last"}, "inbound_nodes": [[["activation_act_blockid_233", 0, 0, {}]]], "class_name": "ZeroPadding2D"}, {"name": "conv2d_act_blockid_235", "config": {"name": "conv2d_act_blockid_235", "trainable": true, "bias_regularizer": null, "filters": 64, "activation": "linear", "padding": "valid", "kernel_initializer": {"class_name": "VarianceScaling", "config": {"scale": 1.0, "seed": null, "mode": "fan_avg", "distribution": "uniform"}}, "use_bias": false, "bias_initializer": {"class_name": "Zeros", "config": {}}, "strides": [2, 2], "bias_constraint": null, "dilation_rate": [1, 1], "activity_regularizer": null, "kernel_size": [3, 3], "data_format": "channels_last", "dtype": "float32", "kernel_regularizer": null, "kernel_constraint": null}, "inbound_nodes": [[["zeropadding2d_act_blockid_234", 0, 0, {}]]], "class_name": "Conv2D"}, {"name": "batchnormalization_act_blockid_236", "config": {"gamma_constraint": null, "name": "batchnormalization_act_blockid_236", "trainable": true, "epsilon": 1.001e-05, "center": true, "beta_constraint": null, "moving_variance_initializer": {"class_name": "Ones", "config": {}}, "gamma_regularizer": null, "momentum": 0.99, "beta_regularizer": null, "beta_initializer": {"class_name": "Zeros", "config": {}}, "axis": 3, "scale": true, "moving_mean_initializer": {"class_name": "Zeros", "config": {}}, "dtype": "float32", "gamma_initializer": {"class_name": "Ones", "config": {}}}, "inbound_nodes": [[["conv2d_act_blockid_235", 0, 0, {}]]], "class_name": "BatchNormalization"}, {"name": "activation_act_blockid_237", "config": {"activation": "relu", "name": "activation_act_blockid_237", "dtype": "float32", "trainable": true}, "inbound_nodes": [[["batchnormalization_act_blockid_236", 0, 0, {}]]], "class_name": "Activation"}, {"name": "maxpooling2d_act_blockid_238", "config": {"name": "maxpooling2d_act_blockid_238", "trainable": true, "strides": [2, 2], "data_format": "channels_last", "dtype": "float32", "pool_size": [1, 1], "padding": "valid"}, "inbound_nodes": [[["add_act_blockid_228", 0, 0, {}]]], "class_name": "MaxPooling2D"}, {"name": "conv2d_act_blockid_239", "config": {"name": "conv2d_act_blockid_239", "trainable": true, "bias_regularizer": null, "filters": 256, "activation": "linear", "padding": "valid", "kernel_initializer": {"class_name": "VarianceScaling", "config": {"scale": 1.0, "seed": null, "mode": "fan_avg", "distribution": "uniform"}}, "use_bias": true, "bias_initializer": {"class_name": "Zeros", "config": {}}, "strides": [1, 1], "bias_constraint": null, "dilation_rate": [1, 1], "activity_regularizer": null, "kernel_size": [1, 1], "data_format": "channels_last", "dtype": "float32", "kernel_regularizer": null, "kernel_constraint": null}, "inbound_nodes": [[["activation_act_blockid_237", 0, 0, {}]]], "class_name": "Conv2D"}, {"name": "add_act_blockid_240", "config": {"name": "add_act_blockid_240", "dtype": "float32", "trainable": true}, "inbound_nodes": [[["maxpooling2d_act_blockid_238", 0, 0, {}], ["conv2d_act_blockid_239", 0, 0, {}]]], "class_name": "Add"}, {"name": "batchnormalization_act_blockid_241", "config": {"gamma_constraint": null, "name": "batchnormalization_act_blockid_241", "trainable": true, "epsilon": 1.001e-05, "center": true, "beta_constraint": null, "moving_variance_initializer": {"class_name": "Ones", "config": {}}, "gamma_regularizer": null, "momentum": 0.99, "beta_regularizer": null, "beta_initializer": {"class_name": "Zeros", "config": {}}, "axis": 3, "scale": true, "moving_mean_initializer": {"class_name": "Zeros", "config": {}}, "dtype": "float32", "gamma_initializer": {"class_name": "Ones", "config": {}}}, "inbound_nodes": [[["add_act_blockid_240", 0, 0, {}]]], "class_name": "BatchNormalization"}, {"name": "activation_act_blockid_242", "config": {"activation": "relu", "name": "activation_act_blockid_242", "dtype": "float32", "trainable": true}, "inbound_nodes": [[["batchnormalization_act_blockid_241", 0, 0, {}]]], "class_name": "Activation"}, {"name": "conv2d_act_blockid_243", "config": {"name": "conv2d_act_blockid_243", "trainable": true, "bias_regularizer": null, "filters": 128, "activation": "linear", "padding": "valid", "kernel_initializer": {"class_name": "VarianceScaling", "config": {"scale": 1.0, "seed": null, "mode": "fan_avg", "distribution": "uniform"}}, "use_bias": false, "bias_initializer": {"class_name": "Zeros", "config": {}}, "strides": [1, 1], "bias_constraint": null, "dilation_rate": [1, 1], "activity_regularizer": null, "kernel_size": [1, 1], "data_format": "channels_last", "dtype": "float32", "kernel_regularizer": null, "kernel_constraint": null}, "inbound_nodes": [[["activation_act_blockid_242", 0, 0, {}]]], "class_name": "Conv2D"}, {"name": "batchnormalization_act_blockid_244", "config": {"gamma_constraint": null, "name": "batchnormalization_act_blockid_244", "trainable": true, "epsilon": 1.001e-05, "center": true, "beta_constraint": null, "moving_variance_initializer": {"class_name": "Ones", "config": {}}, "gamma_regularizer": null, "momentum": 0.99, "beta_regularizer": null, "beta_initializer": {"class_name": "Zeros", "config": {}}, "axis": 3, "scale": true, "moving_mean_initializer": {"class_name": "Zeros", "config": {}}, "dtype": "float32", "gamma_initializer": {"class_name": "Ones", "config": {}}}, "inbound_nodes": [[["conv2d_act_blockid_243", 0, 0, {}]]], "class_name": "BatchNormalization"}, {"name": "activation_act_blockid_245", "config": {"activation": "relu", "name": "activation_act_blockid_245", "dtype": "float32", "trainable": true}, "inbound_nodes": [[["batchnormalization_act_blockid_244", 0, 0, {}]]], "class_name": "Activation"}, {"name": "zeropadding2d_act_blockid_246", "config": {"name": "zeropadding2d_act_blockid_246", "dtype": "float32", "trainable": true, "padding": [[1, 1], [1, 1]], "data_format": "channels_last"}, "inbound_nodes": [[["activation_act_blockid_245", 0, 0, {}]]], "class_name": "ZeroPadding2D"}, {"name": "conv2d_act_blockid_247", "config": {"name": "conv2d_act_blockid_247", "trainable": true, "bias_regularizer": null, "filters": 128, "activation": "linear", "padding": "valid", "kernel_initializer": {"class_name": "VarianceScaling", "config": {"scale": 1.0, "seed": null, "mode": "fan_avg", "distribution": "uniform"}}, "use_bias": false, "bias_initializer": {"class_name": "Zeros", "config": {}}, "strides": [1, 1], "bias_constraint": null, "dilation_rate": [1, 1], "activity_regularizer": null, "kernel_size": [3, 3], "data_format": "channels_last", "dtype": "float32", "kernel_regularizer": null, "kernel_constraint": null}, "inbound_nodes": [[["zeropadding2d_act_blockid_246", 0, 0, {}]]], "class_name": "Conv2D"}, {"name": "batchnormalization_act_blockid_248", "config": {"gamma_constraint": null, "name": "batchnormalization_act_blockid_248", "trainable": true, "epsilon": 1.001e-05, "center": true, "beta_constraint": null, "moving_variance_initializer": {"class_name": "Ones", "config": {}}, "gamma_regularizer": null, "momentum": 0.99, "beta_regularizer": null, "beta_initializer": {"class_name": "Zeros", "config": {}}, "axis": 3, "scale": true, "moving_mean_initializer": {"class_name": "Zeros", "config": {}}, "dtype": "float32", "gamma_initializer": {"class_name": "Ones", "config": {}}}, "inbound_nodes": [[["conv2d_act_blockid_247", 0, 0, {}]]], "class_name": "BatchNormalization"}, {"name": "activation_act_blockid_249", "config": {"activation": "relu", "name": "activation_act_blockid_249", "dtype": "float32", "trainable": true}, "inbound_nodes": [[["batchnormalization_act_blockid_248", 0, 0, {}]]], "class_name": "Activation"}, {"name": "conv2d_act_blockid_250", "config": {"name": "conv2d_act_blockid_250", "trainable": true, "bias_regularizer": null, "filters": 512, "activation": "linear", "padding": "valid", "kernel_initializer": {"class_name": "VarianceScaling", "config": {"scale": 1.0, "seed": null, "mode": "fan_avg", "distribution": "uniform"}}, "use_bias": true, "bias_initializer": {"class_name": "Zeros", "config": {}}, "strides": [1, 1], "bias_constraint": null, "dilation_rate": [1, 1], "activity_regularizer": null, "kernel_size": [1, 1], "data_format": "channels_last", "dtype": "float32", "kernel_regularizer": null, "kernel_constraint": null}, "inbound_nodes": [[["activation_act_blockid_242", 0, 0, {}]]], "class_name": "Conv2D"}, {"name": "conv2d_act_blockid_251", "config": {"name": "conv2d_act_blockid_251", "trainable": true, "bias_regularizer": null, "filters": 512, "activation": "linear", "padding": "valid", "kernel_initializer": {"class_name": "VarianceScaling", "config": {"scale": 1.0, "seed": null, "mode": "fan_avg", "distribution": "uniform"}}, "use_bias": true, "bias_initializer": {"class_name": "Zeros", "config": {}}, "strides": [1, 1], "bias_constraint": null, "dilation_rate": [1, 1], "activity_regularizer": null, "kernel_size": [1, 1], "data_format": "channels_last", "dtype": "float32", "kernel_regularizer": null, "kernel_constraint": null}, "inbound_nodes": [[["activation_act_blockid_249", 0, 0, {}]]], "class_name": "Conv2D"}, {"name": "add_act_blockid_252", "config": {"name": "add_act_blockid_252", "dtype": "float32", "trainable": true}, "inbound_nodes": [[["conv2d_act_blockid_250", 0, 0, {}], ["conv2d_act_blockid_251", 0, 0, {}]]], "class_name": "Add"}, {"name": "batchnormalization_act_blockid_253", "config": {"gamma_constraint": null, "name": "batchnormalization_act_blockid_253", "trainable": true, "epsilon": 1.001e-05, "center": true, "beta_constraint": null, "moving_variance_initializer": {"class_name": "Ones", "config": {}}, "gamma_regularizer": null, "momentum": 0.99, "beta_regularizer": null, "beta_initializer": {"class_name": "Zeros", "config": {}}, "axis": 3, "scale": true, "moving_mean_initializer": {"class_name": "Zeros", "config": {}}, "dtype": "float32", "gamma_initializer": {"class_name": "Ones", "config": {}}}, "inbound_nodes": [[["add_act_blockid_252", 0, 0, {}]]], "class_name": "BatchNormalization"}, {"name": "activation_act_blockid_254", "config": {"activation": "relu", "name": "activation_act_blockid_254", "dtype": "float32", "trainable": true}, "inbound_nodes": [[["batchnormalization_act_blockid_253", 0, 0, {}]]], "class_name": "Activation"}, {"name": "conv2d_act_blockid_255", "config": {"name": "conv2d_act_blockid_255", "trainable": true, "bias_regularizer": null, "filters": 128, "activation": "linear", "padding": "valid", "kernel_initializer": {"class_name": "VarianceScaling", "config": {"scale": 1.0, "seed": null, "mode": "fan_avg", "distribution": "uniform"}}, "use_bias": false, "bias_initializer": {"class_name": "Zeros", "config": {}}, "strides": [1, 1], "bias_constraint": null, "dilation_rate": [1, 1], "activity_regularizer": null, "kernel_size": [1, 1], "data_format": "channels_last", "dtype": "float32", "kernel_regularizer": null, "kernel_constraint": null}, "inbound_nodes": [[["activation_act_blockid_254", 0, 0, {}]]], "class_name": "Conv2D"}, {"name": "batchnormalization_act_blockid_256", "config": {"gamma_constraint": null, "name": "batchnormalization_act_blockid_256", "trainable": true, "epsilon": 1.001e-05, "center": true, "beta_constraint": null, "moving_variance_initializer": {"class_name": "Ones", "config": {}}, "gamma_regularizer": null, "momentum": 0.99, "beta_regularizer": null, "beta_initializer": {"class_name": "Zeros", "config": {}}, "axis": 3, "scale": true, "moving_mean_initializer": {"class_name": "Zeros", "config": {}}, "dtype": "float32", "gamma_initializer": {"class_name": "Ones", "config": {}}}, "inbound_nodes": [[["conv2d_act_blockid_255", 0, 0, {}]]], "class_name": "BatchNormalization"}, {"name": "activation_act_blockid_257", "config": {"activation": "relu", "name": "activation_act_blockid_257", "dtype": "float32", "trainable": true}, "inbound_nodes": [[["batchnormalization_act_blockid_256", 0, 0, {}]]], "class_name": "Activation"}, {"name": "zeropadding2d_act_blockid_258", "config": {"name": "zeropadding2d_act_blockid_258", "dtype": "float32", "trainable": true, "padding": [[1, 1], [1, 1]], "data_format": "channels_last"}, "inbound_nodes": [[["activation_act_blockid_257", 0, 0, {}]]], "class_name": "ZeroPadding2D"}, {"name": "conv2d_act_blockid_259", "config": {"name": "conv2d_act_blockid_259", "trainable": true, "bias_regularizer": null, "filters": 128, "activation": "linear", "padding": "valid", "kernel_initializer": {"class_name": "VarianceScaling", "config": {"scale": 1.0, "seed": null, "mode": "fan_avg", "distribution": "uniform"}}, "use_bias": false, "bias_initializer": {"class_name": "Zeros", "config": {}}, "strides": [1, 1], "bias_constraint": null, "dilation_rate": [1, 1], "activity_regularizer": null, "kernel_size": [3, 3], "data_format": "channels_last", "dtype": "float32", "kernel_regularizer": null, "kernel_constraint": null}, "inbound_nodes": [[["zeropadding2d_act_blockid_258", 0, 0, {}]]], "class_name": "Conv2D"}, {"name": "batchnormalization_act_blockid_260", "config": {"gamma_constraint": null, "name": "batchnormalization_act_blockid_260", "trainable": true, "epsilon": 1.001e-05, "center": true, "beta_constraint": null, "moving_variance_initializer": {"class_name": "Ones", "config": {}}, "gamma_regularizer": null, "momentum": 0.99, "beta_regularizer": null, "beta_initializer": {"class_name": "Zeros", "config": {}}, "axis": 3, "scale": true, "moving_mean_initializer": {"class_name": "Zeros", "config": {}}, "dtype": "float32", "gamma_initializer": {"class_name": "Ones", "config": {}}}, "inbound_nodes": [[["conv2d_act_blockid_259", 0, 0, {}]]], "class_name": "BatchNormalization"}, {"name": "activation_act_blockid_261", "config": {"activation": "relu", "name": "activation_act_blockid_261", "dtype": "float32", "trainable": true}, "inbound_nodes": [[["batchnormalization_act_blockid_260", 0, 0, {}]]], "class_name": "Activation"}, {"name": "conv2d_act_blockid_262", "config": {"name": "conv2d_act_blockid_262", "trainable": true, "bias_regularizer": null, "filters": 512, "activation": "linear", "padding": "valid", "kernel_initializer": {"class_name": "VarianceScaling", "config": {"scale": 1.0, "seed": null, "mode": "fan_avg", "distribution": "uniform"}}, "use_bias": true, "bias_initializer": {"class_name": "Zeros", "config": {}}, "strides": [1, 1], "bias_constraint": null, "dilation_rate": [1, 1], "activity_regularizer": null, "kernel_size": [1, 1], "data_format": "channels_last", "dtype": "float32", "kernel_regularizer": null, "kernel_constraint": null}, "inbound_nodes": [[["activation_act_blockid_261", 0, 0, {}]]], "class_name": "Conv2D"}, {"name": "add_act_blockid_263", "config": {"name": "add_act_blockid_263", "dtype": "float32", "trainable": true}, "inbound_nodes": [[["add_act_blockid_252", 0, 0, {}], ["conv2d_act_blockid_262", 0, 0, {}]]], "class_name": "Add"}, {"name": "batchnormalization_act_blockid_264", "config": {"gamma_constraint": null, "name": "batchnormalization_act_blockid_264", "trainable": true, "epsilon": 1.001e-05, "center": true, "beta_constraint": null, "moving_variance_initializer": {"class_name": "Ones", "config": {}}, "gamma_regularizer": null, "momentum": 0.99, "beta_regularizer": null, "beta_initializer": {"class_name": "Zeros", "config": {}}, "axis": 3, "scale": true, "moving_mean_initializer": {"class_name": "Zeros", "config": {}}, "dtype": "float32", "gamma_initializer": {"class_name": "Ones", "config": {}}}, "inbound_nodes": [[["add_act_blockid_263", 0, 0, {}]]], "class_name": "BatchNormalization"}, {"name": "activation_act_blockid_390", "config": {"activation": "relu", "name": "activation_act_blockid_390", "dtype": "float32", "trainable": true}, "inbound_nodes": [[["batchnormalization_act_blockid_264", 0, 0, {}]]], "class_name": "Activation"}, {"name": "globalaveragepooling2d_act_blockid_391", "config": {"name": "globalaveragepooling2d_act_blockid_391", "dtype": "float32", "trainable": true, "data_format": "channels_last"}, "inbound_nodes": [[["activation_act_blockid_390", 0, 0, {}]]], "class_name": "GlobalAveragePooling2D"}, {"name": "dense_act_blockid_392", "config": {"name": "dense_act_blockid_392", "units": 4, "trainable": true, "bias_regularizer": null, "kernel_initializer": {"class_name": "VarianceScaling", "config": {"scale": 1.0, "seed": null, "mode": "fan_avg", "distribution": "uniform"}}, "activation": "softmax", "use_bias": true, "bias_initializer": {"class_name": "Zeros", "config": {}}, "bias_constraint": null, "activity_regularizer": null, "dtype": "float32", "kernel_regularizer": null, "kernel_constraint": null}, "inbound_nodes": [[["globalaveragepooling2d_act_blockid_391", 0, 0, {}]]], "class_name": "Dense"}], "output_layers": [["dense_act_blockid_392", 0, 0]]}, "keras_version": "2.2.5", "backend": "tensorflow"}